Date,District,Price_USD
10_2019,ԱՋԱՓՆՅԱԿ,373.8447172513602
10_2019,ԱՎԱՆ,503.4821378138055
10_2019,ԱՐԱԲԿԻՐ,495.2956725864311
10_2019,ԴԱՎԹԱՇԵՆ,527.2472945400682
10_2019,ԷՐԵԲՈՒՆԻ,375.5838398072902
10_2019,ԿԵՆՏՐՈՆ,774.8264060036307
10_2019,ՄԱԼԱԹԻԱ-ՍԵԲԱՍՏԻԱ,345.22766800271086
10_2019,ՆՈՐ ՆՈՐՔ,311.0504637356248
10_2019,ՇԵՆԳԱՎԻԹ,341.6063703451705
10_2019,ՔԱՆԱՔԵՌ-ԶԵՅԹՈՒՆ,406.4939113342344
11_2019,ԱՋԱՓՆՅԱԿ,390.32256624054224
11_2019,ԱՎԱՆ,472.7767892612526
11_2019,ԱՐԱԲԿԻՐ,476.48827146780854
11_2019,ԴԱՎԹԱՇԵՆ,478.0898226893445
11_2019,ԷՐԵԲՈՒՆԻ,408.7895513154488
11_2019,ԿԵՆՏՐՈՆ,743.4384836476999
11_2019,ՄԱԼԱԹԻԱ-ՍԵԲԱՍՏԻԱ,373.350513359842
11_2019,ՆՈՐ ՆՈՐՔ,329.9946427067924
11_2019,ՇԵՆԳԱՎԻԹ,370.69259404743264
11_2019,ՔԱՆԱՔԵՌ-ԶԵՅԹՈՒՆ,385.678019148181
12_2019,ԱՋԱՓՆՅԱԿ,370.8633293838958
12_2019,ԱՎԱՆ,491.6971726930595
12_2019,ԱՐԱԲԿԻՐ,478.2041612972128
12_2019,ԴԱՎԹԱՇԵՆ,504.3664204018911
12_2019,ԷՐԵԲՈՒՆԻ,424.2435610360882
12_2019,ԿԵՆՏՐՈՆ,760.6456511254244
12_2019,ՄԱԼԱԹԻԱ-ՍԵԲԱՍՏԻԱ,335.92530002292074
12_2019,ՆՈՐ ՆՈՐՔ,333.30021759823865
12_2019,ՇԵՆԳԱՎԻԹ,346.466998215276
12_2019,ՔԱՆԱՔԵՌ-ԶԵՅԹՈՒՆ,378.36095913150774
01_2020,ԱՋԱՓՆՅԱԿ,355.51684112358765
01_2020,ԱՎԱՆ,398.26962492719287
01_2020,ԱՐԱԲԿԻՐ,481.3389257047673
01_2020,ԴԱՎԹԱՇԵՆ,592.7555555555557
01_2020,ԷՐԵԲՈՒՆԻ,398.27528689513167
01_2020,ԿԵՆՏՐՈՆ,774.1243704370396
01_2020,ՆՈՐ ՆՈՐՔ,312.9494006582964
01_2020,ՇԵՆԳԱՎԻԹ,295.37114988242814
01_2020,ՔԱՆԱՔԵՌ-ԶԵՅԹՈՒՆ,398.33333333333326
02_2020,ԱՋԱՓՆՅԱԿ,376.65179691304843
02_2020,ԱՎԱՆ,391.64276233209563
02_2020,ԱՐԱԲԿԻՐ,472.7542478894728
02_2020,ԴԱՎԹԱՇԵՆ,602.7913669064748
02_2020,ԷՐԵԲՈՒՆԻ,381.7020140013437
02_2020,ԿԵՆՏՐՈՆ,799.4760580223683
02_2020,ՆՈՐ ՆՈՐՔ,319.34441685323645
02_2020,ՇԵՆԳԱՎԻԹ,315.80715123084195
02_2020,ՔԱՆԱՔԵՌ-ԶԵՅԹՈՒՆ,403.2413793103448
03_2020,ԱՋԱՓՆՅԱԿ,383.53669166347976
03_2020,ԱՎԱՆ,485.49241870289563
03_2020,ԱՐԱԲԿԻՐ,491.2203439433968
03_2020,ԴԱՎԹԱՇԵՆ,566.7019101341673
03_2020,ԷՐԵԲՈՒՆԻ,397.86715708689377
03_2020,ԿԵՆՏՐՈՆ,781.9108477726413
03_2020,ՄԱԼԱԹԻԱ-ՍԵԲԱՍՏԻԱ,432.80358227978775
03_2020,ՆՈՐ ՆՈՐՔ,334.6142747292593
03_2020,ՇԵՆԳԱՎԻԹ,351.6462570826648
03_2020,ՔԱՆԱՔԵՌ-ԶԵՅԹՈՒՆ,419.6019142611447
04_2020,ԱՋԱՓՆՅԱԿ,354.55337802817564
04_2020,ԱՎԱՆ,412.9829163564485
04_2020,ԱՐԱԲԿԻՐ,465.969927677419
04_2020,ԴԱՎԹԱՇԵՆ,573.8440598543035
04_2020,ԷՐԵԲՈՒՆԻ,349.46503152020415
04_2020,ԿԵՆՏՐՈՆ,756.7742940826238
04_2020,ՄԱԼԱԹԻԱ-ՍԵԲԱՍՏԻԱ,368.0260090325767
04_2020,ՆՈՐ ՆՈՐՔ,296.4449470515136
04_2020,ՇԵՆԳԱՎԻԹ,321.3521378747161
04_2020,ՔԱՆԱՔԵՌ-ԶԵՅԹՈՒՆ,395.2359349481434
05_2020,ԱՋԱՓՆՅԱԿ,358.9281034612835
05_2020,ԱՎԱՆ,435.0664024508352
05_2020,ԱՐԱԲԿԻՐ,487.34879252605407
05_2020,ԴԱՎԹԱՇԵՆ,546.4196400367446
05_2020,ԷՐԵԲՈՒՆԻ,368.78618376582864
05_2020,ԿԵՆՏՐՈՆ,758.1461022020736
05_2020,ՄԱԼԱԹԻԱ-ՍԵԲԱՍՏԻԱ,401.2041569898993
05_2020,ՆՈՐ ՆՈՐՔ,327.12024758010034
05_2020,ՇԵՆԳԱՎԻԹ,348.7754976600952
05_2020,ՔԱՆԱՔԵՌ-ԶԵՅԹՈՒՆ,417.8603443194996
06_2020,ԱՋԱՓՆՅԱԿ,340.3479311943522
06_2020,ԱՎԱՆ,422.27629075182966
06_2020,ԱՐԱԲԿԻՐ,447.913132444913
06_2020,ԴԱՎԹԱՇԵՆ,537.2457980189279
06_2020,ԷՐԵԲՈՒՆԻ,381.76304171957014
06_2020,ԿԵՆՏՐՈՆ,714.2243237170939
06_2020,ՄԱԼԱԹԻԱ-ՍԵԲԱՍՏԻԱ,328.3325342311847
06_2020,ՆՈՐ ՆՈՐՔ,293.38696148828615
06_2020,ՇԵՆԳԱՎԻԹ,322.9752080736656
06_2020,ՔԱՆԱՔԵՌ-ԶԵՅԹՈՒՆ,398.19334369154836
07_2020,ԱՋԱՓՆՅԱԿ,340.2940143935247
07_2020,ԱՎԱՆ,448.46720329126816
07_2020,ԱՐԱԲԿԻՐ,471.56189362413636
07_2020,ԴԱՎԹԱՇԵՆ,534.2303660404219
07_2020,ԷՐԵԲՈՒՆԻ,338.01059904870726
07_2020,ԿԵՆՏՐՈՆ,745.1721823725951
07_2020,ՄԱԼԱԹԻԱ-ՍԵԲԱՍՏԻԱ,353.1733614742842
07_2020,ՆՈՐ ՆՈՐՔ,306.20354388363336
07_2020,ՇԵՆԳԱՎԻԹ,311.42160630025904
07_2020,ՔԱՆԱՔԵՌ-ԶԵՅԹՈՒՆ,389.32223204105384
08_2020,ԱՋԱՓՆՅԱԿ,332.6207287344493
08_2020,ԱՎԱՆ,417.5206092454352
08_2020,ԱՐԱԲԿԻՐ,459.83092736294975
08_2020,ԴԱՎԹԱՇԵՆ,513.302821710365
08_2020,ԷՐԵԲՈՒՆԻ,344.7568390104384
08_2020,ԿԵՆՏՐՈՆ,734.7421666309442
08_2020,ՄԱԼԱԹԻԱ-ՍԵԲԱՍՏԻԱ,349.93178920041487
08_2020,ՆՈՐ ՆՈՐՔ,320.13686699016887
08_2020,ՇԵՆԳԱՎԻԹ,303.1078486498354
08_2020,ՔԱՆԱՔԵՌ-ԶԵՅԹՈՒՆ,414.6252591585685
09_2020,ԱՋԱՓՆՅԱԿ,338.5185515771508
09_2020,ԱՎԱՆ,397.20924528114716
09_2020,ԱՐԱԲԿԻՐ,456.60322157180894
09_2020,ԴԱՎԹԱՇԵՆ,503.85692892562486
09_2020,ԷՐԵԲՈՒՆԻ,375.9415806438896
09_2020,ԿԵՆՏՐՈՆ,735.1487070233528
09_2020,ՄԱԼԱԹԻԱ-ՍԵԲԱՍՏԻԱ,390.20119545211037
09_2020,ՆՈՐ ՆՈՐՔ,315.08637224547687
09_2020,ՇԵՆԳԱՎԻԹ,318.4469700103781
09_2020,ՔԱՆԱՔԵՌ-ԶԵՅԹՈՒՆ,390.38624937916984
10_2020,ԱՋԱՓՆՅԱԿ,365.33044525599496
10_2020,ԱՎԱՆ,474.3753874712339
10_2020,ԱՐԱԲԿԻՐ,485.28769988091096
10_2020,ԴԱՎԹԱՇԵՆ,532.7042055680298
10_2020,ԷՐԵԲՈՒՆԻ,385.4577121551738
10_2020,ԿԵՆՏՐՈՆ,743.4589572214933
10_2020,ՄԱԼԱԹԻԱ-ՍԵԲԱՍՏԻԱ,364.8594765964452
10_2020,ՆՈՐ ՆՈՐՔ,319.74432255547487
10_2020,ՇԵՆԳԱՎԻԹ,324.0579812839235
10_2020,ՔԱՆԱՔԵՌ-ԶԵՅԹՈՒՆ,408.5161670630922
11_2020,ԱՋԱՓՆՅԱԿ,351.8289954547126
11_2020,ԱՎԱՆ,472.5315615031372
11_2020,ԱՐԱԲԿԻՐ,470.1169640849466
11_2020,ԴԱՎԹԱՇԵՆ,532.2286827635636
11_2020,ԷՐԵԲՈՒՆԻ,368.9687330655682
11_2020,ԿԵՆՏՐՈՆ,743.796810159649
11_2020,ՄԱԼԱԹԻԱ-ՍԵԲԱՍՏԻԱ,384.3864458653047
11_2020,ՆՈՐ ՆՈՐՔ,327.33511936366835
11_2020,ՇԵՆԳԱՎԻԹ,321.8965882647136
11_2020,ՔԱՆԱՔԵՌ-ԶԵՅԹՈՒՆ,376.8936372797405
12_2020,ԱՋԱՓՆՅԱԿ,361.63882944789526
12_2020,ԱՎԱՆ,474.02319324959984
12_2020,ԱՐԱԲԿԻՐ,480.36730782576683
12_2020,ԴԱՎԹԱՇԵՆ,537.4287143947461
12_2020,ԷՐԵԲՈՒՆԻ,335.8681196644992
12_2020,ԿԵՆՏՐՈՆ,732.7250978550685
12_2020,ՄԱԼԱԹԻԱ-ՍԵԲԱՍՏԻԱ,364.5724870605159
12_2020,ՆՈՐ ՆՈՐՔ,339.05417355868644
12_2020,ՇԵՆԳԱՎԻԹ,351.8508483409925
12_2020,ՔԱՆԱՔԵՌ-ԶԵՅԹՈՒՆ,385.04854270879235
01_2021,ԱՋԱՓՆՅԱԿ,343.81744451034655
01_2021,ԱՎԱՆ,374.7371665171059
01_2021,ԱՐԱԲԿԻՐ,472.91668296868966
01_2021,ԴԱՎԹԱՇԵՆ,506.3055279754226
01_2021,ԷՐԵԲՈՒՆԻ,398.9758969834504
01_2021,ԿԵՆՏՐՈՆ,771.6941049921451
01_2021,ՄԱԼԱԹԻԱ-ՍԵԲԱՍՏԻԱ,371.0067218407506
01_2021,ՆՈՐ ՆՈՐՔ,333.3206738180736
01_2021,ՇԵՆԳԱՎԻԹ,349.3018504319158
01_2021,ՔԱՆԱՔԵՌ-ԶԵՅԹՈՒՆ,374.8799104478437
02_2021,ԱՋԱՓՆՅԱԿ,322.89615574576743
02_2021,ԱՎԱՆ,369.9727714318734
02_2021,ԱՐԱԲԿԻՐ,455.3765757691175
02_2021,ԴԱՎԹԱՇԵՆ,439.3510862791024
02_2021,ԷՐԵԲՈՒՆԻ,317.19334692501815
02_2021,ԿԵՆՏՐՈՆ,742.3646672706682
02_2021,ՄԱԼԱԹԻԱ-ՍԵԲԱՍՏԻԱ,344.3147525609668
02_2021,ՆՈՐ ՆՈՐՔ,293.8220942438562
02_2021,ՇԵՆԳԱՎԻԹ,299.2015122232898
02_2021,ՔԱՆԱՔԵՌ-ԶԵՅԹՈՒՆ,361.37518083369537
03_2021,ԱՋԱՓՆՅԱԿ,336.26818278573916
03_2021,ԱՎԱՆ,444.2803677015802
03_2021,ԱՐԱԲԿԻՐ,485.063721095868
03_2021,ԴԱՎԹԱՇԵՆ,492.8198703975697
03_2021,ԷՐԵԲՈՒՆԻ,391.8010726267497
03_2021,ԿԵՆՏՐՈՆ,819.1673401101148
03_2021,ՄԱԼԱԹԻԱ-ՍԵԲԱՍՏԻԱ,343.89731936257635
03_2021,ՆՈՐ ՆՈՐՔ,346.25142441363937
03_2021,ՇԵՆԳԱՎԻԹ,327.94492502708334
03_2021,ՔԱՆԱՔԵՌ-ԶԵՅԹՈՒՆ,422.35319769289566
04_2021,ԱՋԱՓՆՅԱԿ,331.7764143054188
04_2021,ԱՎԱՆ,448.2927090855147
04_2021,ԱՐԱԲԿԻՐ,492.1034623239219
04_2021,ԴԱՎԹԱՇԵՆ,497.3180351236876
04_2021,ԷՐԵԲՈՒՆԻ,366.06707365785144
04_2021,ԿԵՆՏՐՈՆ,800.0912286378496
04_2021,ՄԱԼԱԹԻԱ-ՍԵԲԱՍՏԻԱ,341.4784308454387
04_2021,ՆՈՐ ՆՈՐՔ,323.0256155030985
04_2021,ՇԵՆԳԱՎԻԹ,287.6457985842299
04_2021,ՔԱՆԱՔԵՌ-ԶԵՅԹՈՒՆ,436.4740746899556
05_2021,ԱՋԱՓՆՅԱԿ,355.58045454256273
05_2021,ԱՎԱՆ,431.86405589262773
05_2021,ԱՐԱԲԿԻՐ,499.04772336985747
05_2021,ԴԱՎԹԱՇԵՆ,486.31806196440317
05_2021,ԷՐԵԲՈՒՆԻ,384.24759924759917
05_2021,ԿԵՆՏՐՈՆ,815.9900199337309
05_2021,ՄԱԼԱԹԻԱ-ՍԵԲԱՍՏԻԱ,372.1960906150098
05_2021,ՆՈՐ ՆՈՐՔ,332.6483747260778
05_2021,ՇԵՆԳԱՎԻԹ,306.0246178882542
05_2021,ՔԱՆԱՔԵՌ-ԶԵՅԹՈՒՆ,429.84801180490854
06_2021,ԱՋԱՓՆՅԱԿ,343.6960065968966
06_2021,ԱՎԱՆ,452.4898891396165
06_2021,ԱՐԱԲԿԻՐ,502.3265846462989
06_2021,ԴԱՎԹԱՇԵՆ,521.7843996887357
06_2021,ԷՐԵԲՈՒՆԻ,375.7524988376483
06_2021,ԿԵՆՏՐՈՆ,816.1324999616527
06_2021,ՄԱԼԱԹԻԱ-ՍԵԲԱՍՏԻԱ,399.84875293094507
06_2021,ՆՈՐ ՆՈՐՔ,359.69468074166014
06_2021,ՇԵՆԳԱՎԻԹ,313.9982535674901
06_2021,ՔԱՆԱՔԵՌ-ԶԵՅԹՈՒՆ,449.5576389799292
07_2021,ԱՋԱՓՆՅԱԿ,390.55399586655
07_2021,ԱՎԱՆ,423.5537118897821
07_2021,ԱՐԱԲԿԻՐ,512.4957651357877
07_2021,ԴԱՎԹԱՇԵՆ,520.3340117959053
07_2021,ԷՐԵԲՈՒՆԻ,386.6631959532102
07_2021,ԿԵՆՏՐՈՆ,822.7664880389373
07_2021,ՄԱԼԱԹԻԱ-ՍԵԲԱՍՏԻԱ,426.6233113166432
07_2021,ՆՈՐ ՆՈՐՔ,387.8827845956704
07_2021,ՇԵՆԳԱՎԻԹ,321.62176169012537
07_2021,ՔԱՆԱՔԵՌ-ԶԵՅԹՈՒՆ,473.9248422401345
08_2021,ԱՋԱՓՆՅԱԿ,377.0711227217552
08_2021,ԱՎԱՆ,412.4356126882759
08_2021,ԱՐԱԲԿԻՐ,503.71085880773285
08_2021,ԴԱՎԹԱՇԵՆ,509.7422636016275
08_2021,ԷՐԵԲՈՒՆԻ,331.29656958144716
08_2021,ԿԵՆՏՐՈՆ,834.4855013970223
08_2021,ՄԱԼԱԹԻԱ-ՍԵԲԱՍՏԻԱ,420.3272569262745
08_2021,ՆՈՐ ՆՈՐՔ,342.0057372527285
08_2021,ՇԵՆԳԱՎԻԹ,322.9423597254436
08_2021,ՔԱՆԱՔԵՌ-ԶԵՅԹՈՒՆ,461.9415716570003
09_2021,ԱՋԱՓՆՅԱԿ,406.0974201483237
09_2021,ԱՎԱՆ,477.47945149934037
09_2021,ԱՐԱԲԿԻՐ,533.696269077474
09_2021,ԴԱՎԹԱՇԵՆ,500.2737082710843
09_2021,ԷՐԵԲՈՒՆԻ,399.1474059829032
09_2021,ԿԵՆՏՐՈՆ,840.7657722941818
09_2021,ՄԱԼԱԹԻԱ-ՍԵԲԱՍՏԻԱ,476.49929626304413
09_2021,ՆՈՐ ՆՈՐՔ,397.25608174606765
09_2021,ՇԵՆԳԱՎԻԹ,348.6338469791453
09_2021,ՔԱՆԱՔԵՌ-ԶԵՅԹՈՒՆ,477.6197221216031
10_2021,ԱՋԱՓՆՅԱԿ,404.015584532892
10_2021,ԱՎԱՆ,511.72172734722085
10_2021,ԱՐԱԲԿԻՐ,537.7399737583496
10_2021,ԴԱՎԹԱՇԵՆ,532.6398955868584
10_2021,ԷՐԵԲՈՒՆԻ,413.95559259950966
10_2021,ԿԵՆՏՐՈՆ,847.9516437992404
10_2021,ՄԱԼԱԹԻԱ-ՍԵԲԱՍՏԻԱ,438.9251986885518
10_2021,ՆՈՐ ՆՈՐՔ,371.0112726978667
10_2021,ՇԵՆԳԱՎԻԹ,364.9629433019324
10_2021,ՔԱՆԱՔԵՌ-ԶԵՅԹՈՒՆ,485.41536195513015
11_2021,ԱՋԱՓՆՅԱԿ,395.3438354242662
11_2021,ԱՎԱՆ,481.0174312081245
11_2021,ԱՐԱԲԿԻՐ,536.6415059833838
11_2021,ԴԱՎԹԱՇԵՆ,477.35723390901046
11_2021,ԷՐԵԲՈՒՆԻ,351.61072706309983
11_2021,ԿԵՆՏՐՈՆ,844.7429962417001
11_2021,ՄԱԼԱԹԻԱ-ՍԵԲԱՍՏԻԱ,445.2053452301851
11_2021,ՆՈՐ ՆՈՐՔ,397.5690026603257
11_2021,ՇԵՆԳԱՎԻԹ,372.6068856361003
11_2021,ՔԱՆԱՔԵՌ-ԶԵՅԹՈՒՆ,476.29274165646757
12_2021,ԱՋԱՓՆՅԱԿ,403.1782127285683
12_2021,ԱՎԱՆ,481.4922336508281
12_2021,ԱՐԱԲԿԻՐ,547.1036853758392
12_2021,ԴԱՎԹԱՇԵՆ,465.5320882891857
12_2021,ԷՐԵԲՈՒՆԻ,454.1608438332137
12_2021,ԿԵՆՏՐՈՆ,847.4702893567404
12_2021,ՄԱԼԱԹԻԱ-ՍԵԲԱՍՏԻԱ,459.3683067613886
12_2021,ՆՈՐ ՆՈՐՔ,388.06463966819086
12_2021,ՇԵՆԳԱՎԻԹ,367.363390656625
12_2021,ՔԱՆԱՔԵՌ-ԶԵՅԹՈՒՆ,486.12937849496325
01_2022,ԱՋԱՓՆՅԱԿ,391.12244892046067
01_2022,ԱՎԱՆ,474.468487930659
01_2022,ԱՐԱԲԿԻՐ,545.6417309177268
01_2022,ԴԱՎԹԱՇԵՆ,506.7404368778512
01_2022,ԷՐԵԲՈՒՆԻ,431.96087274907495
01_2022,ԿԵՆՏՐՈՆ,841.2811037890581
01_2022,ՄԱԼԱԹԻԱ-ՍԵԲԱՍՏԻԱ,445.8269752378228
01_2022,ՆՈՐ ՆՈՐՔ,386.3161959307688
01_2022,ՇԵՆԳԱՎԻԹ,361.3928846204962
01_2022,ՔԱՆԱՔԵՌ-ԶԵՅԹՈՒՆ,482.55697928052
02_2022,ԱՋԱՓՆՅԱԿ,381.3818176653645
02_2022,ԱՎԱՆ,482.4220013750859
02_2022,ԱՐԱԲԿԻՐ,546.7997695373008
02_2022,ԴԱՎԹԱՇԵՆ,464.83579913594286
02_2022,ԷՐԵԲՈՒՆԻ,483.9735485831929
02_2022,ԿԵՆՏՐՈՆ,868.6697884084143
02_2022,ՄԱԼԱԹԻԱ-ՍԵԲԱՍՏԻԱ,442.7816361935852
02_2022,ՆՈՐ ՆՈՐՔ,399.79080269551804
02_2022,ՇԵՆԳԱՎԻԹ,358.13997963963095
02_2022,ՔԱՆԱՔԵՌ-ԶԵՅԹՈՒՆ,496.480041997575
03_2022,ԱՋԱՓՆՅԱԿ,383.68330644726746
03_2022,ԱՎԱՆ,472.4252912049315
03_2022,ԱՐԱԲԿԻՐ,549.6489062970485
03_2022,ԴԱՎԹԱՇԵՆ,545.3560865603648
03_2022,ԷՐԵԲՈՒՆԻ,482.63269978282267
03_2022,ԿԵՆՏՐՈՆ,858.5392749309268
03_2022,ՄԱԼԱԹԻԱ-ՍԵԲԱՍՏԻԱ,471.98815873528497
03_2022,ՆՈՐ ՆՈՐՔ,392.7574920486278
03_2022,ՇԵՆԳԱՎԻԹ,350.014569108347
03_2022,ՔԱՆԱՔԵՌ-ԶԵՅԹՈՒՆ,476.46514663767806
04_2022,ԱՋԱՓՆՅԱԿ,600.3974138752089
04_2022,ԱՎԱՆ,607.6808830820303
04_2022,ԱՐԱԲԿԻՐ,735.7805748886494
04_2022,ԴԱՎԹԱՇԵՆ,760.3798506037898
04_2022,ԷՐԵԲՈՒՆԻ,616.4244868618414
04_2022,ԿԵՆՏՐՈՆ,1071.8289763959058
04_2022,ՄԱԼԱԹԻԱ-ՍԵԲԱՍՏԻԱ,718.582374198799
04_2022,ՆՈՐ ՆՈՐՔ,589.4681841272758
04_2022,ՇԵՆԳԱՎԻԹ,566.6093225100992
04_2022,ՔԱՆԱՔԵՌ-ԶԵՅԹՈՒՆ,705.5370058316423
05_2022,ԱՋԱՓՆՅԱԿ,644.9671092703737
05_2022,ԱՎԱՆ,629.8206230850443
05_2022,ԱՐԱԲԿԻՐ,787.3860773313762
05_2022,ԴԱՎԹԱՇԵՆ,796.1921362919867
05_2022,ԷՐԵԲՈՒՆԻ,652.5193914554384
05_2022,ԿԵՆՏՐՈՆ,1086.8670483222777
05_2022,ՄԱԼԱԹԻԱ-ՍԵԲԱՍՏԻԱ,740.6097276282112
05_2022,ՆՈՐ ՆՈՐՔ,605.239625233274
05_2022,ՇԵՆԳԱՎԻԹ,604.7358578909616
05_2022,ՔԱՆԱՔԵՌ-ԶԵՅԹՈՒՆ,753.9191263165986
06_2022,ԱՋԱՓՆՅԱԿ,669.0447881211065
06_2022,ԱՎԱՆ,676.5069718310048
06_2022,ԱՐԱԲԿԻՐ,826.4716873229851
06_2022,ԴԱՎԹԱՇԵՆ,993.9580354659134
06_2022,ԷՐԵԲՈՒՆԻ,699.0491744546222
06_2022,ԿԵՆՏՐՈՆ,1128.9871625712476
06_2022,ՄԱԼԱԹԻԱ-ՍԵԲԱՍՏԻԱ,759.3249182466625
06_2022,ՆՈՐ ՆՈՐՔ,638.8211139059014
06_2022,ՇԵՆԳԱՎԻԹ,594.2738625612701
06_2022,ՔԱՆԱՔԵՌ-ԶԵՅԹՈՒՆ,782.1209477636278
07_2022,ԱՋԱՓՆՅԱԿ,703.5157959801314
07_2022,ԱՎԱՆ,684.4393380185898
07_2022,ԱՐԱԲԿԻՐ,888.6157422996553
07_2022,ԴԱՎԹԱՇԵՆ,960.0505844944732
07_2022,ԷՐԵԲՈՒՆԻ,771.9683809344565
07_2022,ԿԵՆՏՐՈՆ,1179.9560889898985
07_2022,ՄԱԼԱԹԻԱ-ՍԵԲԱՍՏԻԱ,825.9816653784277
07_2022,ՆՈՐ ՆՈՐՔ,688.4251053830429
07_2022,ՇԵՆԳԱՎԻԹ,639.0567430629744
07_2022,ՔԱՆԱՔԵՌ-ԶԵՅԹՈՒՆ,856.7303030766608
08_2022,ԱՋԱՓՆՅԱԿ,729.0059713162668
08_2022,ԱՎԱՆ,712.6243969803568
08_2022,ԱՐԱԲԿԻՐ,944.7958098408596
08_2022,ԴԱՎԹԱՇԵՆ,1007.6124918708904
08_2022,ԷՐԵԲՈՒՆԻ,659.6178655677013
08_2022,ԿԵՆՏՐՈՆ,1262.2356956359515
08_2022,ՄԱԼԱԹԻԱ-ՍԵԲԱՍՏԻԱ,860.7341780073505
08_2022,ՆՈՐ ՆՈՐՔ,719.0508004420012
08_2022,ՇԵՆԳԱՎԻԹ,647.4508669592428
08_2022,ՔԱՆԱՔԵՌ-ԶԵՅԹՈՒՆ,877.6218748104283
09_2022,ԱՋԱՓՆՅԱԿ,746.0643469723598
09_2022,ԱՎԱՆ,707.5222620469133
09_2022,ԱՐԱԲԿԻՐ,965.248145326557
09_2022,ԴԱՎԹԱՇԵՆ,930.3468331538296
09_2022,ԷՐԵԲՈՒՆԻ,688.0741404442929
09_2022,ԿԵՆՏՐՈՆ,1336.373910761288
09_2022,ՄԱԼԱԹԻԱ-ՍԵԲԱՍՏԻԱ,897.8480227975064
09_2022,ՆՈՐ ՆՈՐՔ,706.6691644942803
09_2022,ՇԵՆԳԱՎԻԹ,650.398524362972
09_2022,ՔԱՆԱՔԵՌ-ԶԵՅԹՈՒՆ,896.7170363426721
10_2022,ԱՋԱՓՆՅԱԿ,817.7126165288533
10_2022,ԱՎԱՆ,751.7258197016707
10_2022,ԱՐԱԲԿԻՐ,1046.1504756545978
10_2022,ԴԱՎԹԱՇԵՆ,1034.0886700528167
10_2022,ԷՐԵԲՈՒՆԻ,911.3327151158984
10_2022,ԿԵՆՏՐՈՆ,1431.9216518885592
10_2022,ՄԱԼԱԹԻԱ-ՍԵԲԱՍՏԻԱ,1041.1405491651524
10_2022,ՆՈՐ ՆՈՐՔ,778.0782693583193
10_2022,ՇԵՆԳԱՎԻԹ,744.2100477962108
10_2022,ՔԱՆԱՔԵՌ-ԶԵՅԹՈՒՆ,995.4833146762413
11_2022,ԱՋԱՓՆՅԱԿ,1083.610897029517
11_2022,ԱՎԱՆ,1034.4272760690496
11_2022,ԱՐԱԲԿԻՐ,1303.9333661752255
11_2022,ԴԱՎԹԱՇԵՆ,1247.037184975824
11_2022,ԷՐԵԲՈՒՆԻ,985.9730365420378
11_2022,ԿԵՆՏՐՈՆ,1664.5390885053562
11_2022,ՄԱԼԱԹԻԱ-ՍԵԲԱՍՏԻԱ,1255.632319627949
11_2022,ՆՈՐ ՆՈՐՔ,1060.6121618391057
11_2022,ՇԵՆԳԱՎԻԹ,964.1699407206496
11_2022,ՔԱՆԱՔԵՌ-ԶԵՅԹՈՒՆ,1300.7551066712047
12_2022,ԱՋԱՓՆՅԱԿ,925.9001400261802
12_2022,ԱՎԱՆ,906.2702911123966
12_2022,ԱՐԱԲԿԻՐ,1193.8743066196214
12_2022,ԴԱՎԹԱՇԵՆ,1222.268080578806
12_2022,ԷՐԵԲՈՒՆԻ,877.2267452069673
12_2022,ԿԵՆՏՐՈՆ,1530.6413352999928
12_2022,ՄԱԼԱԹԻԱ-ՍԵԲԱՍՏԻԱ,1096.6719184896922
12_2022,ՆՈՐ ՆՈՐՔ,887.9920210682968
12_2022,ՇԵՆԳԱՎԻԹ,835.9195818329947
12_2022,ՔԱՆԱՔԵՌ-ԶԵՅԹՈՒՆ,1125.269366770401
01_2023,ԱՋԱՓՆՅԱԿ,865.5825137415677
01_2023,ԱՎԱՆ,832.9659037704158
01_2023,ԱՐԱԲԿԻՐ,1129.371116481126
01_2023,ԴԱՎԹԱՇԵՆ,1132.3298237356169
01_2023,ԷՐԵԲՈՒՆԻ,831.6900914901248
01_2023,ԿԵՆՏՐՈՆ,1523.5980759249007
01_2023,ՄԱԼԱԹԻԱ-ՍԵԲԱՍՏԻԱ,984.3384338038053
01_2023,ՆՈՐ ՆՈՐՔ,812.4282974546635
01_2023,ՇԵՆԳԱՎԻԹ,784.2517558718944
01_2023,ՔԱՆԱՔԵՌ-ԶԵՅԹՈՒՆ,1052.3202875743466
02_2023,ԱՋԱՓՆՅԱԿ,845.8820737495488
02_2023,ԱՎԱՆ,826.8943392873009
02_2023,ԱՐԱԲԿԻՐ,1158.6607674406046
02_2023,ԴԱՎԹԱՇԵՆ,1103.649011706009
02_2023,ԷՐԵԲՈՒՆԻ,801.242955874534
02_2023,ԿԵՆՏՐՈՆ,1532.530825034112
02_2023,ՄԱԼԱԹԻԱ-ՍԵԲԱՍՏԻԱ,1001.240581854033
02_2023,ՆՈՐ ՆՈՐՔ,821.0244225825418
02_2023,ՇԵՆԳԱՎԻԹ,767.1534497016937
02_2023,ՔԱՆԱՔԵՌ-ԶԵՅԹՈՒՆ,1067.5330210860961
03_2023,ԱՋԱՓՆՅԱԿ,862.6852043753587
03_2023,ԱՎԱՆ,850.5494330554924
03_2023,ԱՐԱԲԿԻՐ,1131.8973722117298
03_2023,ԴԱՎԹԱՇԵՆ,1119.6180145077712
03_2023,ԷՐԵԲՈՒՆԻ,816.4236563086782
03_2023,ԿԵՆՏՐՈՆ,1520.9452401078327
03_2023,ՄԱԼԱԹԻԱ-ՍԵԲԱՍՏԻԱ,1035.592146292543
03_2023,ՆՈՐ ՆՈՐՔ,862.3018679846733
03_2023,ՇԵՆԳԱՎԻԹ,771.0101806264647
03_2023,ՔԱՆԱՔԵՌ-ԶԵՅԹՈՒՆ,1080.81706927447
04_2023,ԱՋԱՓՆՅԱԿ,853.1349723738278
04_2023,ԱՎԱՆ,839.1168384879722
04_2023,ԱՐԱԲԿԻՐ,1129.1102024662139
04_2023,ԴԱՎԹԱՇԵՆ,1101.4647896097408
04_2023,ԷՐԵԲՈՒՆԻ,802.4935957513263
04_2023,ԿԵՆՏՐՈՆ,1511.6597555643134
04_2023,ՄԱԼԱԹԻԱ-ՍԵԲԱՍՏԻԱ,1004.9517517777613
04_2023,ՆՈՐ ՆՈՐՔ,848.3437115836348
04_2023,ՇԵՆԳԱՎԻԹ,740.4642645421524
04_2023,ՔԱՆԱՔԵՌ-ԶԵՅԹՈՒՆ,1046.8724007561416
05_2023,ԱՋԱՓՆՅԱԿ,840.8645730797368
05_2023,ԱՎԱՆ,836.1133969275563
05_2023,ԱՐԱԲԿԻՐ,1125.8672194612886
05_2023,ԴԱՎԹԱՇԵՆ,1085.9137551081558
05_2023,ԷՐԵԲՈՒՆԻ,803.6430021591318
05_2023,ԿԵՆՏՐՈՆ,1522.315441311287
05_2023,ՄԱԼԱԹԻԱ-ՍԵԲԱՍՏԻԱ,984.2253206536168
05_2023,ՆՈՐ ՆՈՐՔ,829.0581514230482
05_2023,ՇԵՆԳԱՎԻԹ,736.250523669881
05_2023,ՔԱՆԱՔԵՌ-ԶԵՅԹՈՒՆ,1062.947744423157
06_2023,ԱՋԱՓՆՅԱԿ,821.6079243857979
06_2023,ԱՎԱՆ,820.0167193510298
06_2023,ԱՐԱԲԿԻՐ,1097.4644737065157
06_2023,ԴԱՎԹԱՇԵՆ,1101.176094137079
06_2023,ԷՐԵԲՈՒՆԻ,829.0766105815364
06_2023,ԿԵՆՏՐՈՆ,1509.9959363473545
06_2023,ՄԱԼԱԹԻԱ-ՍԵԲԱՍՏԻԱ,966.9083571080639
06_2023,ՆՈՐ ՆՈՐՔ,835.5401899332494
06_2023,ՇԵՆԳԱՎԻԹ,731.1669535284021
06_2023,ՔԱՆԱՔԵՌ-ԶԵՅԹՈՒՆ,1049.8753030703162
07_2023,ԱՋԱՓՆՅԱԿ,816.6260367223679
07_2023,ԱՎԱՆ,807.1214325428379
07_2023,ԱՐԱԲԿԻՐ,1063.5611518268902
07_2023,ԴԱՎԹԱՇԵՆ,1037.5288426527961
07_2023,ԷՐԵԲՈՒՆԻ,817.7576765491981
07_2023,ԿԵՆՏՐՈՆ,1491.7996345279162
07_2023,ՄԱԼԱԹԻԱ-ՍԵԲԱՍՏԻԱ,960.9866253545703
07_2023,ՆՈՐ ՆՈՐՔ,820.0151463599194
07_2023,ՇԵՆԳԱՎԻԹ,713.4870811454448
07_2023,ՔԱՆԱՔԵՌ-ԶԵՅԹՈՒՆ,1028.0596504104608
08_2023,ԱՋԱՓՆՅԱԿ,808.8540710277988
08_2023,ԱՎԱՆ,808.2180466237943
08_2023,ԱՐԱԲԿԻՐ,1032.2681048782326
08_2023,ԴԱՎԹԱՇԵՆ,1030.8635279001464
08_2023,ԷՐԵԲՈՒՆԻ,774.6232221006568
08_2023,ԿԵՆՏՐՈՆ,1473.9100004345187
08_2023,ՄԱԼԱԹԻԱ-ՍԵԲԱՍՏԻԱ,941.8165811757042
08_2023,ՆՈՐ ՆՈՐՔ,827.3057015117984
08_2023,ՇԵՆԳԱՎԻԹ,714.7266151094276
08_2023,ՔԱՆԱՔԵՌ-ԶԵՅԹՈՒՆ,1015.4432527584204
09_2023,ԱՋԱՓՆՅԱԿ,816.3186705474443
09_2023,ԱՎԱՆ,816.6114215530763
09_2023,ԱՐԱԲԿԻՐ,1033.719578222182
09_2023,ԴԱՎԹԱՇԵՆ,997.5656862065488
09_2023,ԷՐԵԲՈՒՆԻ,806.5842989996158
09_2023,ԿԵՆՏՐՈՆ,1452.7285120128702
09_2023,ՄԱԼԱԹԻԱ-ՍԵԲԱՍՏԻԱ,960.4809626880026
09_2023,ՆՈՐ ՆՈՐՔ,831.4484213882599
09_2023,ՇԵՆԳԱՎԻԹ,711.4265752957622
09_2023,ՔԱՆԱՔԵՌ-ԶԵՅԹՈՒՆ,1013.7070661396086
10_2023,ԱՋԱՓՆՅԱԿ,809.252529898804
10_2023,ԱՎԱՆ,821.1255144032922
10_2023,ԱՐԱԲԿԻՐ,1015.6335868790112
10_2023,ԴԱՎԹԱՇԵՆ,1002.5527210884354
10_2023,ԷՐԵԲՈՒՆԻ,862.3209169054442
10_2023,ԿԵՆՏՐՈՆ,1483.922995806611
10_2023,ՄԱԼԱԹԻԱ-ՍԵԲԱՍՏԻԱ,980.4031668696713
10_2023,ՆՈՐ ՆՈՐՔ,823.084
10_2023,ՇԵՆԳԱՎԻԹ,727.193
10_2023,ՔԱՆԱՔԵՌ-ԶԵՅԹՈՒՆ,1006.553752535497
11_2023,ԱՋԱՓՆՅԱԿ,879.2288888888887
11_2023,ԱՎԱՆ,917.6699507389163
11_2023,ԱՐԱԲԿԻՐ,1054.8478209097404
11_2023,ԴԱՎԹԱՇԵՆ,1089.8572744014732
11_2023,ԷՐԵԲՈՒՆԻ,863.7920227920227
11_2023,ԿԵՆՏՐՈՆ,1499.760813592233
11_2023,ՄԱԼԱԹԻԱ-ՍԵԲԱՍՏԻԱ,1031.8683908045978
11_2023,ՆՈՐ ՆՈՐՔ,930.0388888888887
11_2023,ՇԵՆԳԱՎԻԹ,768.5884256198348
11_2023,ՔԱՆԱՔԵՌ-ԶԵՅԹՈՒՆ,1047.9984536082477
12_2023,ԱՋԱՓՆՅԱԿ,811.1658227563237
12_2023,ԱՎԱՆ,804.959816558693
12_2023,ԱՐԱԲԿԻՐ,976.5303757150496
12_2023,ԴԱՎԹԱՇԵՆ,973.4302427263817
12_2023,ԷՐԵԲՈՒՆԻ,774.6093823153027
12_2023,ԿԵՆՏՐՈՆ,1378.7834947247425
12_2023,ՄԱԼԱԹԻԱ-ՍԵԲԱՍՏԻԱ,918.7699996068981
12_2023,ՆՈՐ ՆՈՐՔ,813.8206728527812
12_2023,ՇԵՆԳԱՎԻԹ,710.3019700380626
12_2023,ՔԱՆԱՔԵՌ-ԶԵՅԹՈՒՆ,957.8683978679367
01_2024,ԱՋԱՓՆՅԱԿ,773.4869445086175
01_2024,ԱՎԱՆ,762.8906858799942
01_2024,ԱՐԱԲԿԻՐ,946.3478484778335
01_2024,ԴԱՎԹԱՇԵՆ,978.3579725925
01_2024,ԷՐԵԲՈՒՆԻ,728.0212971662775
01_2024,ԿԵՆՏՐՈՆ,1352.0772816074839
01_2024,ՄԱԼԱԹԻԱ-ՍԵԲԱՍՏԻԱ,875.0593328623729
01_2024,ՆՈՐ ՆՈՐՔ,764.3814904409695
01_2024,ՇԵՆԳԱՎԻԹ,669.8486054539849
01_2024,ՔԱՆԱՔԵՌ-ԶԵՅԹՈՒՆ,955.6394763036524
02_2024,ԱՋԱՓՆՅԱԿ,771.7318411660582
02_2024,ԱՎԱՆ,760.4336059321623
02_2024,ԱՐԱԲԿԻՐ,945.8677275443043
02_2024,ԴԱՎԹԱՇԵՆ,949.044019851116
02_2024,ԷՐԵԲՈՒՆԻ,737.8783311713133
02_2024,ԿԵՆՏՐՈՆ,1337.6201063440915
02_2024,ՄԱԼԱԹԻԱ-ՍԵԲԱՍՏԻԱ,872.1959562837168
02_2024,ՆՈՐ ՆՈՐՔ,776.6476669477663
02_2024,ՇԵՆԳԱՎԻԹ,660.3392778460609
02_2024,ՔԱՆԱՔԵՌ-ԶԵՅԹՈՒՆ,908.9953278731148
03_2024,ԱՋԱՓՆՅԱԿ,728.2855498716716
03_2024,ԱՎԱՆ,731.0114152679221
03_2024,ԱՐԱԲԿԻՐ,936.0717225962801
03_2024,ԴԱՎԹԱՇԵՆ,931.698529135658
03_2024,ԷՐԵԲՈՒՆԻ,711.5997496951567
03_2024,ԿԵՆՏՐՈՆ,1332.3212465728234
03_2024,ՄԱԼԱԹԻԱ-ՍԵԲԱՍՏԻԱ,862.9068937966057
03_2024,ՆՈՐ ՆՈՐՔ,722.0765357648323
03_2024,ՇԵՆԳԱՎԻԹ,652.9945904183604
03_2024,ՔԱՆԱՔԵՌ-ԶԵՅԹՈՒՆ,896.0378537115301
04_2024,ԱՋԱՓՆՅԱԿ,751.1811918693446
04_2024,ԱՎԱՆ,739.1194643586946
04_2024,ԱՐԱԲԿԻՐ,936.6541624560672
04_2024,ԴԱՎԹԱՇԵՆ,933.1180010827478
04_2024,ԷՐԵԲՈՒՆԻ,713.5336937318198
04_2024,ԿԵՆՏՐՈՆ,1309.4238195224245
04_2024,ՄԱԼԱԹԻԱ-ՍԵԲԱՍՏԻԱ,880.2413335778999
04_2024,ՆՈՐ ՆՈՐՔ,766.6593817051863
04_2024,ՇԵՆԳԱՎԻԹ,647.4948845579055
04_2024,ՔԱՆԱՔԵՌ-ԶԵՅԹՈՒՆ,911.9485698802459
05_2024,ԱՋԱՓՆՅԱԿ,767.7674411069196
05_2024,ԱՎԱՆ,708.7147714988703
05_2024,ԱՐԱԲԿԻՐ,919.2605036432634
05_2024,ԴԱՎԹԱՇԵՆ,916.3084062086301
05_2024,ԷՐԵԲՈՒՆԻ,722.4074086088394
05_2024,ԿԵՆՏՐՈՆ,1339.8443182406434
05_2024,ՄԱԼԱԹԻԱ-ՍԵԲԱՍՏԻԱ,882.270279931158
05_2024,ՆՈՐ ՆՈՐՔ,735.2745356297473
05_2024,ՇԵՆԳԱՎԻԹ,639.6659779018589
05_2024,ՔԱՆԱՔԵՌ-ԶԵՅԹՈՒՆ,906.24986258587
06_2024,ԱՋԱՓՆՅԱԿ,757.7962552164136
06_2024,ԱՎԱՆ,700.0799849118297
06_2024,ԱՐԱԲԿԻՐ,912.5392938283513
06_2024,ԴԱՎԹԱՇԵՆ,885.211887805405
06_2024,ԷՐԵԲՈՒՆԻ,690.0110787372203
06_2024,ԿԵՆՏՐՈՆ,1329.1812957456782
06_2024,ՄԱԼԱԹԻԱ-ՍԵԲԱՍՏԻԱ,867.8475342220938
06_2024,ՆՈՐ ՆՈՐՔ,716.3087144301787
06_2024,ՇԵՆԳԱՎԻԹ,640.728465535723
06_2024,ՔԱՆԱՔԵՌ-ԶԵՅԹՈՒՆ,953.7987802111393
07_2024,ԱՋԱՓՆՅԱԿ,735.8198940974228
07_2024,ԱՎԱՆ,731.2696700056847
07_2024,ԱՐԱԲԿԻՐ,903.9758288339509
07_2024,ԴԱՎԹԱՇԵՆ,863.7616041791393
07_2024,ԷՐԵԲՈՒՆԻ,691.2371771451067
07_2024,ԿԵՆՏՐՈՆ,1311.9220446397037
07_2024,ՄԱԼԱԹԻԱ-ՍԵԲԱՍՏԻԱ,842.7432397849002
07_2024,ՆՈՐ ՆՈՐՔ,754.9562065914366
07_2024,ՇԵՆԳԱՎԻԹ,665.3300355265113
07_2024,ՔԱՆԱՔԵՌ-ԶԵՅԹՈՒՆ,934.3623595110146
